Date,Time (UTC),Booster Version,Dragon Version,Launch Site,Mission,Payload Mass (kg),Payload Mass (lb),Payload Type,Payload Manufacturer,Orbit,Customer,Customer Type,Customer Country,Mission Outcome,Landing Outcome,Drone Ship,Drone Ship Type,Notes
24-03-2006,22:30:00,F1,Dragon Not Used,Marshall Islands,FalconSat-2,19.5,43,Observation Satellite,United States Air Force Academy,LEO,DARPA,Government,United States of America,Failure  (in flight),No attempt,No Ship Used,No Ship Used,Engine failure at T+33 seconds. Loss of vehicle.[36]†FalconSAT-2 landed in a storage shed near the launch site.
21-03-2007,01:10:00,F1,Dragon Not Used,Marshall Islands,DemoSat,,,Demonstration,SpaceX,LEO,DARPA,Government,United States of America,Failure  (in flight),No attempt,No Ship Used,No Ship Used,"Successful first-stage burn and transition to second stage, maximal altitude 289†km. Harmonic†oscillation†at T+5 minutes. Premature engine shutdown at T+7 min 30 s. Failed to reach orbit."
03-08-2008,03:34:00,F1,Dragon Not Used,Marshall Islands,Trailblazer/PRESat/NanoSail-D/Explorers,4,9,Observation Satellite,NASA,LEO,ORS/NASA/Celestis,Rideshare,United States of America,Failure  (in flight),No attempt,No Ship Used,No Ship Used,Residual stage-1 thrust led to collision between stage 1 and stage 2.
28-09-2008,23:15:00,F1,Dragon Not Used,Marshall Islands,RatSat,165,364,Demonstration,SpaceX,LEO,SpaceX,Business,United States of America,Success,No attempt,No Ship Used,No Ship Used,"Initially scheduled for 23ñ25 Sep, carried dummy payload†ñ mass simulator, 165†kg (originally intended to be†RazakSAT)"
14-07-2009,03:35:00,F1,Dragon Not Used,Marshall Islands,RazakSAT,180,397,Observation Satellite,ATSB,LEO,ATSB,Government,Malaysia,Success,No attempt,No Ship Used,No Ship Used,Malaysian satellite was the only commercial contract launch of Falcon 1.
04-06-2010,18:45:00,F9 v1.0  B0003,Dragon Not Used,CCAFS LC-40,No Payload,,,Demonstration,SpaceX,LEO,SpaceX,Testing,United States of America,Success,Failure   (parachute),No Ship Used,No Ship Used,"First flight of Falcon 9 v1.0. Used a boilerplate version of Dragon capsule which was not designed to separate from the second stage.(more details below) Attempted to recover the first stage by parachuting it into the ocean, but it burned up on reentry, before the parachutes even go to deploy."
08-12-2010,15:43:00,F9 v1.0  B0004,C101,CCAFS LC-40,"Dragon demo flight C1, two CubeSats,  barrel of Brou√®re cheese",,,Demonstration,SpaceX,LEO (ISS),NASA (COTS) NRO,Government,United States of America,Success,Failure   (parachute),No Ship Used,No Ship Used,"Maiden flight of SpaceX's Dragon capsule, consisting of over 3 hours of testing thruster maneuvering and then reentry. Attempted to recover the first stage by parachuting it into the ocean, but it disintegrated upon reentry, again before the parachutes were deployed. (more details below) It also included two CubeSats, and a wheel of Brou√®re cheese. Before the launch, SpaceX discovered that there was a crack in the nozzle of the 2nd stage's Merlin vacuum engine. So Elon just had them cut off the end of the nozzle with a pair of shears and launched the rocket a few days later. After SpaceX had trimmed the nozzle, NASA was notified of the change and they agreed to it."
22-05-2012,07:44:00,F9 v1.0  B0005,C102,CCAFS LC-40,Dragon demo flight C2+,525,1158,Demonstration,SpaceX,LEO (ISS),NASA (COTS),Government,United States of America,Success,No attempt,No Ship Used,No Ship Used,"The Dragon spacecraft demonstrated a series of tests before it was allowed to approach the International Space Station. Two days later, it became the first commercial spacecraft to board the ISS. (more details below)"
08-10-2012,00:35:00,F9 v1.0  B0006,C103,CCAFS LC-40,SpaceX CRS-1,500,1103,Space Station Supplies,NASA,LEO (ISS),NASA (CRS),Government,United States of America,Success,No attempt,No Ship Used,No Ship Used,"CRS-1 was successful, but the secondary payload was inserted into an abnormally low orbit and subsequently lost. This was due to one of the nine Merlin engines shutting down during the launch, and NASA declining a second reignition, as per ISS visiting vehicle safety rules, the primary payload owner is contractually allowed to decline a second reignition. NASA stated that this was because SpaceX could not guarantee a high enough likelihood of the second stage completing the second burn successfully which was required to avoid any risk of secondary payload's collision with the ISS."
01-03-2013,15:10:00,F9 v1.0  B0007,C104,CCAFS LC-40,SpaceX CRS-2,677,1493,Space Station Supplies,NASA,LEO (ISS),NASA (CRS),Government,United States of America,Success,No attempt,No Ship Used,No Ship Used,"Last launch of the original Falcon 9 v1.0 launch vehicle, first use of the unpressurized trunk section of Dragon."
29-09-2013,16:00:00,F9 v1.1  B1003,Dragon Not Used,VAFB SLC-4E,CASSIOPE,500,1103,Communication Satellite,MDA,Polar LEO,CSA,Business,Canada,Success,Uncontrolled (ocean),No Ship Used,No Ship Used,"First commercial mission with a private customer, first launch from Vandenberg, and demonstration flight of Falcon 9 v1.1 with an improved 13-tonne to LEO capacity. After separation from the second stage carrying Canadian commercial and scientific satellites, the first stage booster performed a controlled reentry, and an ocean touchdown test for the first time. This provided good test data, even though the booster started rolling as it neared the ocean, leading to the shutdown of the central engine as the roll depleted it of fuel, resulting in a hard impact with the ocean. This was the first known attempt of a rocket engine being lit to perform a supersonic retro propulsion, and allowed SpaceX to enter a public-private partnership with NASA and its Mars entry, descent, and landing technologies research projects. (more details below)"
03-12-2013,22:41:00,F9 v1.1,Dragon Not Used,CCAFS LC-40,SES-8,"3,170",6990,Communication Satellite,Oribital ATK,GTO,SES,Business,Luxembourg,Success,No attempt,No Ship Used,No Ship Used,"First Geostationary transfer orbit (GTO) launch for Falcon 9, and first successful reignition of the second stage. SES-8 was inserted into a Super-Synchronous Transfer Orbit of 79,341†km (49,300†mi) in apogee with an inclination of 20.55∞ to the equator."
06-01-2014,22:06:00,F9 v1.1,Dragon Not Used,CCAFS LC-40,Thaicom 6,"3,325",7332,Communication Satellite,Orbital ATK,GTO,Thaicom,Business,Thailand,Success,No attempt,No Ship Used,No Ship Used,"The Thai communication satellite was the second GTO launch for Falcon 9. The USAF evaluated launch data from this flight as part of a separate certification program for SpaceX to qualify to fly military payloads, but found that the launch had ""unacceptable fuel reserves at engine cutoff of the stage 2 second burnoff"". Thaicom-6 was inserted into a Super-Synchronous Transfer Orbit of 90,039†km (55,948†mi) in apogee with an inclination of 22.46∞ to the equator."
18-04-2014,19:25:00,F9 v1.1,C105,CCAFS LC-40,SpaceX CRS-3,"2,296",5063,Space Station Supplies,NASA,LEO (ISS),NASA (CRS),Government,United States of America,Success,Controlled (ocean),No Ship Used,No Ship Used,"Following second-stage separation, SpaceX conducted a second controlled-descent test of the discarded booster vehicle and achieved the first successful controlled ocean touchdown of a liquid-rocket-engine orbital booster. Following the soft touchdown, the first stage tipped over as expected and was destroyed. This was the first Falcon 9 booster to fly with extensible landing legs and the first Dragon mission with the Falcon 9 v1.1 launch vehicle. This flight also launched the ELaNa 5 mission for NASA as a secondary payload."
14-07-2014,15:15:00,F9 v1.1,Dragon Not Used,CCAFS LC-40,OG2 Mission 1  6 Orbcomm-OG2 satellites,"1,316",2902,Communication Satellite,Sierra Nevada Corporation,LEO,Orbcomm,Business,United States of America,Success,Controlled (ocean),No Ship Used,No Ship Used,"Payload included six satellites weighing 172†kg (379†lb) each and two 142†kg (313†lb) mass simulators. Equipped for the second time with landing legs, the first-stage booster successfully conducted a controlled-descent test consisting of a burn for deceleration from hypersonic velocity in the upper atmosphere, a reentry burn, and a final landing burn before soft-landing on the ocean surface."
05-08-2014,08:00:00,F9 v1.1,Dragon Not Used,CCAFS LC-40,AsiaSat 8,"4,535",10000,Communication Satellite,SSL,GTO,AsiaSat,Business,China,Success,No attempt,No Ship Used,No Ship Used,First time SpaceX managed a launch site turnaround between two flights of under a month (22 days). GTO launch of the large communication satellite from Hong Kong did not allow for propulsive return-over-water and controlled splashdown of the first stage.
07-09-2014,05:00:00,F9 v1.1 B1011,Dragon Not Used,CCAFS LC-40,AsiaSat 6,"4,428",9764,Communication Satellite,SSL,GTO,AsiaSat,Business,China,Success,No attempt,No Ship Used,No Ship Used,Launch was delayed for two weeks for additional verifications after a malfunction observed in the development of the F9R Dev1 prototype. GTO launch of the heavy payload did not allow for controlled splashdown.
21-09-2014,05:52:00,F9 v1.1 B1010,C106.1,CCAFS LC-40,SpaceX CRS-4,"2,216",4886,Space Station Supplies,NASA,LEO (ISS),NASA (CRS),Government,United States of America,Success,Uncontrolled (ocean),No Ship Used,No Ship Used,"Fourth attempt of a soft ocean touchdown, but the booster ran out of liquid oxygen. Detailed thermal imaging infrared sensor data was collected however by NASA, as part of a joint arrangement with SpaceX as part of research on retropropulsive deceleration technologies for developing new approaches to Martian atmospheric entry."
10-01-2015,09:47:00,F9 v1.1 B1012,C107,CCAFS LC-40,SpaceX CRS-5,"2,395",5281,Space Station Supplies,NASA,LEO (ISS),NASA (CRS),Government,United States of America,Success,Failure  (drone ship),Just Read The Instructions,Marmac 300,"Following second-stage separation, SpaceX attempted to return the first stage for the first time to a 90†m √ó†50†m (300†ft √ó†160†ft) floating platform Äî called the autonomous spaceport drone ship. The test achieved many objectives and returned a large amount of data, but the grid-fin control surfaces used for the first time for more precise reentry positioning ran out of hydraulic fluid for its control system a minute before landing, resulting in a landing crash."
11-02-2015,23:03:00,F9 v1.1 B1013,Dragon Not Used,CCAFS LC-40,DSCOVR,570,1257,Weather Satellite,NASA,SSO,U.S. Air Force NASA NOAA,Government,United States of America,Success,Controlled (ocean),No Ship Used,No Ship Used,"First launch under USAF's OSP 3 launch contract. First SpaceX launch to put a satellite beyond a geostationary transfer orbit, first SpaceX launch into interplanetary space, and first SpaceX launch of an American research satellite. The first stage made a test flight descent to an over-ocean landing within 10†m (33†ft) of its intended target. The satellite launched into a 187 km x 1,241,000 km insertion orbit toward the Sun-Earth L1 point."
02-03-2015,03:50:00,F9 v1.1 B1014,Dragon Not Used,CCAFS LC-40,ABS-3A Eutelsat 115 West B,"4,159",9171,Communication Satellite,Boeing,GTO,ABS Eutelsat,Business,France,Success,No attempt,No Ship Used,No Ship Used,"The launch was Boeing's first conjoined launch of a lighter-weight dual-commsat stack that was specifically designed to take advantage of the lower-cost SpaceX Falcon 9 launch vehicle. Per satellite, launch costs were less than US$30 million. The ABS satellite reached its final destination ahead of schedule and started operations on 10 September 2015."
14-04-2015,20:10:00,F9 v1.1 B1015,C108.1,CCAFS LC-40,SpaceX CRS-6,"1,898",4185,Space Station Supplies,NASA,LEO (ISS),NASA (CRS),Government,United States of America,Success,Failure  (drone ship),Just Read The Instructions,Marmac 300,"After second-stage separation, a controlled-descent test was attempted with the first stage. After the booster contacted the ship, it tipped over due to excess lateral velocity caused by a stuck throttle valve that delayed downthrottle at the correct time."
27-04-2015,23:03:00,F9 v1.1 B1016,Dragon Not Used,CCAFS LC-40,TurkmenAlem 52∞E / MonacoSAT,"4,707",10379,Communication Satellite,Thales Alenia Space,GTO,Turkmenistan National Space Agency,Government,Turkmenistan,Success,No attempt,No Ship Used,No Ship Used,Original intended launch was delayed over a month after an issue with the helium pressurisation system was identified on similar parts in the assembly plant. Subsequent launch successfully positioned this first Turkmen satellite at 52.0∞†east.
28-06-2015,14:21:00,F9 v1.1 B1018,C109,CCAFS LC-40,SpaceX CRS-7,"1,952",4304,Space Station Supplies,NASA,LEO (ISS),NASA (CRS),Government,United States of America,Failure  (in flight),Precluded  (drone ship),Of Course I Still Love You,Marmac 304,"Launch performance was nominal until an overpressure incident in the second-stage LOX tank, leading to vehicle breakup at T+150 seconds. Dragon capsule survived the explosion but was lost upon splashdown as its software did not contain provisions for parachute deployment on launch vehicle failure.(more details below) The drone ship Of Course I Still Love You was towed out to sea to prepare for a landing test so this mission was its first operational assignment."
22-12-2015,01:29:00,F9 FT B1019,Dragon Not Used,CCAFS LC-40,OG2 Mission 2   11 Orbcomm-OG2 satellites,"2,034",4485,Communication Satellite,Sierra Nevada Corporation,LEO,Orbcomm,Business,United States of America,Success,Success  (ground pad),No Ship Used,No Ship Used,"Payload included eleven satellites weighing 172†kg (379†lb) each, and a 142†kg (313†lb) mass simulator. First launch of the upgraded v1.1 version, with a 30% power increase. Orbcomm had originally agreed to be the third flight of the enhanced-thrust rocket, but the change to the maiden flight position was announced in October 2015. SpaceX received a permit from the FAA to land the booster on solid ground at Cape Canaveral and succeeded for the first time. This booster, serial number B1019, is now on permanent display outside SpaceX's headquarters in Hawthorne, California, at the intersection of Crenshaw Boulevard and Jack Northrop Avenue. (more details below)"
17-01-2016,18:42:00,F9 v1.1 B1017,Dragon Not Used,VAFB SLC-4E,Jason-3,553,1219,Weather Satellite,Thales Alenia Space,LEO,NASA (LSP) NOAA CNES,Government,United States of America,Success,Failure (drone ship),Just Read The Instructions,Marmac 303,"First launch of NASA and NOAA joint science mission under the NLS II launch contract (not related to NASA CRS or USAF OSP3 contracts) and last launch of the Falcon 9 v1.1 launch vehicle. The Jason-3 satellite was successfully deployed to target orbit.  SpaceX attempted for the first time to recover the first-stage booster on its new Pacific autonomous drone ship, but after a soft landing on the ship, the lockout on one of the landing legs failed to latch and the booster fell over and exploded."
04-03-2016,23:35:00,F9 FT B1020,Dragon Not Used,CCAFS LC-40,SES-9,"5,271",11623,Communication Satellite,Boeing,GTO,SES,Business,Luxembourg,Success,Failure (drone ship),Of Course I Still Love You,Marmac 304,"Second launch of the enhanced Falcon 9 Full Thrust launch vehicle. SpaceX attempted for the first time to recover a booster from a GTO launch to a drone ship. Successful landing was not expected due to low fuel reserves and the booster ""landed hard"". But the controlled-descent, atmospheric re-entry and navigation to the drone ship were successful and returned significant test data on bringing back high-energy Falcon 9 boosters."
08-04-2016,20:43:00,F9 FT B1021.1,C110.1,CCAFS LC-40,SpaceX CRS-8,"3,136",6915,Space Station Supplies,NASA,LEO (ISS),NASA (CRS),Government,United States of America,Success,Success  (drone ship),Of Course I Still Love You,Marmac 304,"Dragon carried over 1,500†kg (3,300†lb) of supplies and delivered the inflatable Bigelow Expandable Activity Module (BEAM) to the ISS for two years of in-orbit tests. The rocket's first stage landed smoothly on SpaceX's autonomous spaceport drone ship at 9 minutes after liftoff, making this the first successful landing of a rocket booster on a ship at sea from an orbital launch. The first stage B1021 later became the first orbital booster to be reused when it launched SES-10 on 30 March 2017. A month later, the Dragon spacecraft returned a downmass containing astronaut's Scott Kelly biological samples from his year-long mission on ISS.(more details below)"
06-05-2016,05:21:00,F9 FT B1022,Dragon Not Used,CCAFS LC-40,JCSAT-14,"4,696",10355,Communication Satellite,SSL,GTO,SKY Perfect JSAT Group,Business,Japan,Success,Success (drone ship),Of Course I Still Love You,Marmac 304,"First time SpaceX launched a Japanese satellite, and first time a booster landed successfully after launching a payload into a GTO. As this flight profile has a smaller margin for the booster recovery, the first stage re-entered Earth's atmosphere faster than for previous landings, with five times the heating power."
27-05-2016,21:39:00,F9 FT B1023.1,Dragon Not Used,CCAFS LC-40,Thaicom 8,"3,100",6836,Communication Satellite,Orbital ATK,GTO,Thaicom,Business,Thailand,Success,Success  (drone ship),Of Course I Still Love You,Marmac 304,"Second successful return from a GTO launch, after launching Thaicom 8 towards 78.5∞†east. Later became the first booster to be reflown after being recovered from a GTO launch. THAICOM 8 was delivered to a Super-Synchronous Transfer Orbit of 91,000†km (57,000†mi)."
15-06-2016,14:29:00,F9 FT B1024,Dragon Not Used,CCAFS LC-40,ABS-2A Eutelsat 117 West B,"3,600",7938,Communication Satellite,Boeing,GTO,ABS Eutelsat,Business,France,Success,Failure  (drone ship),Of Course I Still Love You,Marmac 304,"One year after pioneering this technique on Flight 16, Falcon again launched two Boeing 702SP gridded ion thruster satellites at 1,800†kg (4,000†lb) each, in a dual-stack configuration, with the two customers sharing the rocket and mission costs. First-stage landing attempt on drone ship failed due to low thrust on one of the three landing engines; a sub-optimal path led to the stage running out of propellant just above the deck of the landing ship, slamming to the drone ship, breaking a leg, and falling over."
18-07-2016,04:45:00,F9 FT B1025.1,C111.1,CCAFS LC-40,SpaceX CRS-9,"2,257",4977,Space Station Supplies,NASA,LEO (ISS),NASA (CRS),Government,United States of America,Success,Success (ground pad),No Ship Used,No Ship Used,"Cargo to ISS included an International Docking Adapter (IDA-2) and total payload with reusable Dragon Capsule was 6,457†kg (14,235†lb). Second successful first-stage landing on a ground pad."
14-08-2016,05:26:00,F9 FT B1026,Dragon Not Used,CCAFS LC-40,JCSAT-16,"4,600",10143,Communication Satellite,SSL,GTO,SKY Perfect JSAT Group,Business,Japan,Success,Success (drone ship),Of Course I Still Love You,Marmac 304,"First attempt to land from a ballistic trajectory using a single-engine landing burn, as all previous landings from a ballistic trajectory had fired three engines on the final burn. The latter provides more braking force but subjects the vehicle to greater structural stresses, while the single-engine landing burn takes more time and fuel while allowing more time during final descent for corrections."
14-01-2017,17:54:00,F9 FT B1029.1,Dragon Not Used,VAFB SLC-4E,Iridium NEXT 1,"9,600",21168,Communication Satellite,Orbital ATK,Polar LEO,Iridium Communications,Business,United States of America,Success,Success  (drone ship),Just Read The Instructions,Marmac 303,"Return-to-flight mission after the loss of Amos-6 in September 2016. This was the first launch of a series of Iridium NEXT satellites intended to replace the original Iridium constellation launched in the late 1990s. Each Falcon 9 mission carried 10 satellites, with a goal of 66 plus 9 spare satellites constellation by mid-2018. Following the delayed launch of the first two Iridium units with a Dnepr rocket from April 2016, Iridium Communications decided to launch the first batch of 10 satellites with SpaceX instead. Payload comprised ten satellites weighing 860†kg (1,900†lb) each plus a 1,000†kg (2,200†lb) dispenser."
19-02-2017,14:39:00,F9 FT B1031.1,C112.1,KSC LC-39A,SpaceX CRS-10,"2,490",5490,Space Station Supplies,NASA,LEO (ISS),NASA (CRS),Government,United States of America,Success,Success (ground pad),No Ship Used,No Ship Used,"First Falcon 9 flight from the historic LC-39A launchpad at Kennedy Space Center, and first uncrewed launch from LC-39A since Skylab-1. The flight carried supplies and materials to support ISS Expeditions 50 and 51, and third return of first stage booster to landing pad at Cape Canaveral Landing Zone 1."
16-03-2017,06:00:00,F9 FT B1030,Dragon Not Used,KSC LC-39A,EchoStar 23,"5,600",12348,Communication Satellite,Space Systems Loral,GTO,EchoStar,Business,United States of America,Success,No attempt,No Ship Used,No Ship Used,"First uncrewed non-station launch from LC-39A since Apollo 6. Launched a communications satellite for broadcast services over Brazil. Due to the payload size launch into a GTO, the booster was expended into the Atlantic Ocean and did not feature landing legs and grid fins."
30-03-2017,22:27:00,F9 FT  B1021.2,Dragon Not Used,KSC LC-39A,SES-10,"5,300",11687,Communication Satellite,Boeing,GTO,SES,Business,Luxembourg,Success,Success (drone ship),Of Course I Still Love You,Marmac 304,"First payload to fly on a reused first stage, B1021, previously launched with CRS-8, and first to land intact a second time. Additionally, this flight was the first reused rocket to fly from LC-39A since STS-135 and for the first time the payload fairing, used to protect the payload during launch, remained intact after a successful splashdown achieved with thrusters and a steerable parachute.(more details below)"
01-05-2017,11:15:00,F9 FT B1032.1,Dragon Not Used,KSC LC-39A,NROL-76,Classified,Classified,Communication Satellite,Classified,LEO,NRO,Government,United States of America,Success,Success (ground pad),No Ship Used,No Ship Used,"First launch under SpaceX's 2015 certification for national security space missions, which allowed SpaceX to contract launch services for classified payloads, and thus breaking the monopoly United Launch Alliance (ULA) held on classified launches since 2006. For the first time, SpaceX offered continuous livestream of first stage booster from liftoff to landing, but omitted second-stage speed and altitude telemetry."
15-05-2017,23:21:00,F9 FT B1034,Dragon Not Used,KSC LC-39A,Inmarsat-5 F4,"6,070",13384,Communication Satellite,Unknown,GTO,Inmarsat,Business,Britain,Success,No attempt,No Ship Used,No Ship Used,"The launch was originally scheduled for the Falcon Heavy, but performance improvements allowed the mission to be carried out by an expendable Falcon 9 instead.  Inmarsat-5 F4 is Inmarsat's ""largest and most complicated communications satellite ever built"". Inmarsat 5 F4 was delivered into an arcing ""supersynchronous"" transfer orbit of 381†km √ó†68,839†km (237†mi √ó†42,775†mi) in altitude, tilted 24.5∞ to the equator."
03-06-2017,21:07:00,F9 FT B1035.1,C106.2,KSC LC-39A,SpaceX CRS-11,"2,708",5971,Space Station Supplies,NASA,LEO (ISS),NASA (CRS),Government,United States of America,Success,Success (ground pad),No Ship Used,No Ship Used,"This mission delivered Neutron Star Interior Composition Explorer (NICER), Multiple User System for Earth Sensing Facility (MUSES), Roll Out Solar Array (ROSA), an Advanced Plant Habitat to the ISS, and Birds-1 payloads. This mission launched for the first time a refurbished Dragon capsule, serial number C106, which had flown in September 2014 on the SpaceX CRS-4 mission, and was the first time since 2011 a reused spacecraft arrived at the ISS. Five cubesats were included in the payload, the first satellites from the countries of Bangladesh (BRAC Onnesha), Ghana (GhanaSat-1), and Mongolia (Mazaalai)."
23-06-2017,19:10:00,F9 FT  B1029.2,Dragon Not Used,KSC LC-39A,BulgariaSat-1,"3,669",8090,Communication Satellite,SSL,GTO,Bulsatcom,Business,Bulgaria,Success,Success (drone ship),Of Course I Still Love You,Marmac 304,"Second time a booster was reused, as B1029 had flown the Iridium mission in January 2017. This was the first commercial Bulgarian-owned communications satellite."
25-06-2017,20:25:00,F9 FT B1036.1,Dragon Not Used,VAFB SLC-4E,Iridium NEXT 2,"9,600",21168,Communication Satellite,Oribital ATK,LEO,Iridium Communications,,United States of America,Success,Success (drone ship),Just Read The Instructions,Marmac 303,"Second Iridium constellation launch of 10 satellites, and first flight using titanium (instead of aluminium) grid fins to improve control authority and better cope with heat during re-entry."
05-07-2017,23:38:00,F9 FT B1037,Dragon Not Used,KSC LC-39A,Intelsat 35e,6761,14908,Communication Satellite,Boeing,GTO,Intelsat,Business,United States of America,Success,No attempt,No Ship Used,No Ship Used,"Originally expected to be flown on a Falcon Heavy, improvements to the Merlin engines meant that the heavy satellite could be flown to GTO in an expendable configuration of Falcon 9. The rocket achieved a supersynchronous orbit peaking at 43,000†km (27,000†mi), exceeding the minimum requirements of 28,000†km (17,000†mi). Intelsat 35e is the largest Intelsat's currently active satellite."
14-08-2017,16:31:00,F9 B4 B1039.1,C113.1,KSC LC-39A,SpaceX CRS-12,"3,310",7299,Space Station Supplies,NASA,LEO (ISS),NASA (CRS),Government,United States of America,Success,Success (ground pad),No Ship Used,No Ship Used,"Dragon carried 2,349†kg (5,179†lb) of pressurized and 961†kg (2,119†lb) unpressurized mass, including the Cosmic Ray Energetics and Mass Experiment (CREAM) detector. First flight of the upgrade known informally as ""Block 4"", which increases thrust from the main engines and includes other small upgrades, and last flight of a newly built Dragon capsule, as further missions are planned to use refurbished spacecraft. Also launched the Educational Launch of Nanosatellites ELaNa 22 mission."
24-08-2017,18:51:00,F9 FT B1038.1,Dragon Not Used,VAFB SLC-4E,Formosat-5,475,1047,Communication Satellite,NSO,SSO,NSPO,Government,Taiwan,Success,Success (drone ship),Just Read The Instructions,Marmac 303,"First Earth observation satellite developed and constructed by Taiwan. The payload was much under the rocket's specifications, as the Spaceflight Industries SHERPA space tug had been removed from the cargo manifest of this mission, leading to analyst speculations that with discounts due to delays, SpaceX lost money on the launch."
07-09-2017,14:00:00,F9 B4 B1040.1,Dragon Not Used,KSC LC-39A,Boeing X-37B OTV-5,"4,990",11003,Communication Satellite,Boeing,LEO,U.S. Air Force,Government,United States of America,Success,Success (ground pad),No Ship Used,No Ship Used,"Due to the classified nature of the mission, the second-stage speed and altitude telemetry were omitted from the launch webcast. Notably, the primary contractor, Boeing, had launched the X-37B with ULA, a Boeing partnership and a SpaceX competitor. Second flight of the Falcon 9 Block 4 upgrade."
09-10-2017,12:37:00,F9 B4 B1041.1,Dragon Not Used,VAFB SLC-4E,Iridium NEXT 3,"9,600",21168,Communication Satellite,Oribital ATK,Polar LEO,Iridium Communications,,United States of America,Success,Success (drone ship),Just Read The Instructions,Marmac 303,"Third flight of the Falcon 9 Block 4 upgrade, and the third launch of 10 Iridium NEXT satellites."
11-10-2017,22:53:00,F9 FT  B1031.2,Dragon Not Used,KSC LC-39A,SES-11 / EchoStar 105,"5,200",11466,Communication Satellite,Airbus,GTO,SES EchoStar,Business,Luxembourg,Success,Success (drone ship),Of Course I Still Love You,Marmac 304,"Third reuse and recovery of a previously flown first-stage booster, and the second time the contractor SES used a reflown booster. The large satellite is shared, in ""CondoSat"" arrangement between SES and EchoStar."
30-10-2017,19:34:00,F9 B4 B1042.1,Dragon Not Used,KSC LC-39A,Koreasat 5A,"3,500",7718,Communication Satellite,Thales Alenia Space,GTO,KT Corporation,Business,South Korea,Success,Success (drone ship),Of Course I Still Love You,Marmac 304,"First SpaceX launch of a South Korean satellite, placed in GEO at 113.0∞ east. It was the third launch and land for SpaceX in three weeks, and the 15th successful landing in a row. A small fire was observed under the booster after it landed, leading to speculations about damages to the engines which would preclude it from flying it again."
15-12-2017,15:36:00,F9 FT  B1035.2,C108.2,CCAFS SLC-40,SpaceX CRS-13,"2,205",4862,Space Station Supplies,NASA,LEO (ISS),NASA (CRS),Government,United States of America,Success,Success (ground pad),No Ship Used,No Ship Used,"First launch to take place at the refurbished pad at Cape Canaveral after the 2016 Amos-6 explosion, and the 20th successful booster landing. Being the second reuse of a Dragon capsule (previously flown on SpaceX CRS-6) and fourth reuse of a booster (previously flown on SpaceX CRS-11) it was the first time both major components were reused on the same flight."
23-12-2017,01:27:00,F9 FT  B1036.2,Dragon Not Used,VAFB SLC-4E,Iridium NEXT 4,"9,600",21168,Communication Satellite,Oribital ATK,Polar LEO,Iridium Communications,Business,United States of America,Success,Controlled (ocean),No Ship Used,No Ship Used,"In order to avoid delays and convinced of no increased risks, Iridium Communications accepted the use of a recovered booster for its 10 satellites, and became the first customer to fly the same first-stage booster twice (from the second Iridium NEXT mission). SpaceX chose not to attempt recovery of the booster, but did perform a soft ocean touchdown. The launch occurred during sunset, which caused a twilight effect where sunlight reflected from the rocket plumes at high altitude, causing ""jaw-dropping views"" across Southern California and surrounding regions."
08-01-2018,01:00:00,F9 B4 B1043.1,Dragon Not Used,CCAFS SLC-40,Zuma,Classified,Classified,Communication Satellite,Northrop Grumman,LEO,Northrop Grumman,Business,United States of America,Success  (payload†status unclear),Success (ground pad),No Ship Used,No Ship Used,"The mission had been postponed by nearly two months. Following a nominal launch, the recovery of the first-stage booster marked the 17th successful recovery in a row. Rumors appeared that the payload was lost, as the satellite might have failed to separate from the second stage due to a fault in the Northrop Grumman-manufactured payload adapter, to which SpaceX announced that their rocket performed nominally. The classified nature of the mission means that there is little confirmed information.(more details below)"
31-01-2018,21:25:00,F9 FT  B1032.2,Dragon Not Used,CCAFS SLC-40,GovSat-1 / SES-16,"4,230",9327,Communication Satellite,Orbital ATK,GTO,SES,Business,Luxembourg,Success,Controlled (ocean),No Ship Used,No Ship Used,"Reused booster from the classified NROL-76 mission in May 2017. Following a successful experimental soft ocean landing that used three engines, the booster unexpectedly remained intact. Recovery was talked about and a Craigslist ad believed to be made by Elon Musk jokingly said the booster was for sale at US$9.9 million if the buyer brought their own tugboat. Despite this, recovery was not attempted, and the booster was subsequently destroyed. GovSat-1 satellite was put into a high-energy Supersynchronous Transfer Orbit of 250†km √ó†51,500†km (160†mi √ó†32,000†mi)."
06-02-2018,20:45:00,"B1023.2  (side) , Heavy core B1033, B1025.2 (side) ",Dragon Not Used,KSC LC-39A,Elon Musk's Tesla Roadster,"1,250",2756,Demonstration,SpaceX,Heliocentric (close to Mars transfer orbit),SpaceX,Testing,United States of America,Success,"Success (ground pad), Failure (drone ship), Success (ground pad)",Of Course I Still Love You,Marmac 304,"Maiden flight of Falcon Heavy, using two recovered Falcon 9 cores as side boosters (from the Thaicom 8 and SpaceX CRS-9 missions), as well as a modified Block 3 booster reinforced to endure the additional load from the two side boosters. The static fire test, held on 24 January 2018, was the first time 27 engines were tested together. The launch was a success, and the side boosters landed simultaneously at adjacent ground pads. Drone ship landing of the central core failed due to TEAÄìTEB chemical igniter running out, preventing two of its engines from restarting; the landing failure caused damage to the nearby drone ship. Final burn to heliocentric Earth-Mars orbit was performed after the second stage and payload cruised for 6 hours through the Van Allen radiation belts. Later, Elon Musk tweeted that the third burn was successful, and JPL Horizons On-Line Ephemeris System showed the second stage and payload in an orbit with an aphelion of 1.67 AU. The live webcast proved immensely popular, as it became the second most watched livestream so far on YouTube, reaching over 2.3 million concurrent views. Over 100,000 visitors are believed to have come to the Space Coast to watch the launch in person.(more details below)"
22-02-2018,14:17:00,F9 FT  B1038.2,Dragon Not Used,VAFB SLC-4E,Paz  Tintin A & B,"2,150",4741,Demonstration,SpaceX,SSO,Hisdesat exactEarth SpaceX,Business,United States of America,Success,No attempt,No Ship Used,No Ship Used,"Last flight of a Block 3 first stage. Reused the booster from the Formosat-5 mission. Paz (peace) is Spain's first spy satellite that will be operated in a constellation with the German SAR fleet TSX and TDX. In addition, the rocket carried two SpaceX test satellites for their forthcoming communications network in low Earth orbit. This core flew without landing legs and was expended at sea. It also featured an upgraded payload fairing 2.0 with a first recovery attempt using the Mr. Steven crew boat equipped with a net. The fairing narrowly missed the boat, but achieved a soft water landing."
06-03-2018,05:33:00,F9 B4 B1044,Dragon Not Used,CCAFS SLC-40,Hispasat 30W-6  PODSat,"6,092",13433,Communication Satellite,SSL,GTO,Hispasat  NovaWurks,Business,United States of America,Success,No attempt,No Ship Used,No Ship Used,"The Spanish commsat was the largest satellite flown by SpaceX as of March†2018, ""nearly the size of a bus"". A drone ship landing was planned, but scrapped due to unfavorable weather conditions. SpaceX left the landing legs and titanium grid fins in place to prevent further delays, after previous concerns with the fairing pressurization and conflicts with the launch of GOES-S. The Hispasat 30W-6 satellite was propelled into a supersynchronous transfer orbit."
30-03-2018,14:14:00,F9 B4  B1041.2,Dragon Not Used,VAFB SLC-4E,Iridium NEXT 5,"9,600",21168,Communication Satellite,Oribital ATK,Polar LEO,Iridium Communications,Business,United States of America,Success,No attempt,No Ship Used,No Ship Used,"Fifth Iridium NEXT mission launch of 10 satellites used the refurbished booster from third Iridium flight. As with recent reflown boosters, SpaceX used the controlled descent of the first stage to test more booster recovery options. SpaceX planned a second recovery attempt of one half of the fairing using the specially modified boat Mr. Steven, but the parafoil twisted, which led to the fairing half missing the boat."
02-04-2018,20:30:00,F9 B4  B1039.2,C110.2,CCAFS SLC-40,SpaceX CRS-14,"2,647",5837,Space Station Supplies,NASA,LEO (ISS),NASA (CRS),Government,United States of America,Success,No attempt,No Ship Used,No Ship Used,"The launch used a refurbished booster (from CRS-12) and a refurbished capsule (C110 from CRS-8). External payloads include a materials research platform Materials International Space Station Experiment (MISSE-FF) phase 3 of the Robotic Refueling Mission (RRM) TSIS, ASIM heliophysics sensor, several crystallization experiments, and the RemoveDEBRIS system aimed at space debris removal. The booster was expended, and SpaceX collected more data on reentry profiles. It also carried the first Costa Rican satellite, Project Iraz√∫, and the first Kenyan satellite, 1KUNS-PF."
18-04-2018,22:51:00,F9 B4 B1045.1,Dragon Not Used,CCAFS SLC-40,Transiting Exoplanet Survey Satellite (TESS),362,798,Communication Satellite,Orbital ATK,HEO,NASA (LSP),Government,United States of America,Success,Success (drone ship),Of Course I Still Love You,Marmac 304,"First NASA high-priority science mission launched by SpaceX. Part of the Explorers program, TESS is space telescope intended for wide-field search of exoplanets transiting nearby stars. It was the first time SpaceX launched a scientific satellite which wasn't designed to focus on Earth observations. The second stage placed the spacecraft into a high elliptical Earth orbit, after which the satellite performed its own maneuvers, including a lunar flyby, such that over the course of two months it reached a stable 2:1 resonant orbit with the Moon. In January 2018, SpaceX received NASA's Launch Services Program Category 2 certification of its Falcon 9 ""Full Thrust"", certification which is required for launching ""medium-risk"" missions like TESS. Last launch of a new Block 4 booster, and the 24th successful recovery of the first stage. An experimental water landing of the launch fairing was performed in order to attempt fairing recovery, primarily as a test of parachute systems."
11-05-2018,20:14:00,F9 B5  B1046.1,Dragon Not Used,KSC LC-39A,Bangabandhu-1,"3,600",7938,Communication Satellite,Thales Alenia Space,GTO,Thales-Alenia/BTRC,Business,France,Success,Success (drone ship),Of Course I Still Love You,Marmac 304,"First Block 5 launch vehicle booster to fly. Initially planned for an Ariane 5 launch in December 2017, it became the first Bangladeshi commercial satellite, BRAC Onnesha is a cubesat built by Thales Alenia Space. It is intended to serve telecom services from 119.0∞ east with a lifetime of 15 years. It was the 25th successfully recovered first stage booster."
22-05-2018,19:49:58,F9 B4  B1043.2,Dragon Not Used,VAFB SLC-4E,"Iridium NEXT 6   GRACE-FO 1, 2","6,460",14244,Communication Satellite,Oribital ATK,Polar LEO,Iridium Communications GFZ Ä¢ NASA,Business,United States of America,Success,No attempt,No Ship Used,No Ship Used,Sixth Iridium NEXT mission launching 5 satellites used the refurbished booster from Zuma. GFZ arranged a rideshare of GRACE-FO on a Falcon 9 with Iridium following the cancellation of their Dnepr launch contract in 2015. Iridium CEO Matt Desch disclosed in September 2017 that GRACE-FO would be launched on this mission. The booster reuse turnaround was a record 4.5 months between flights.
04-06-2018,04:45:00,F9 B4  B1040.2,Dragon Not Used,CCAFS SLC-40,SES-12,"5,384",11872,Communication Satellite,Airbus,GTO,SES,Business,Luxembourg,Success,No attempt,No Ship Used,No Ship Used,"The communications satellite serving the Middle East and the Asia-Pacific region at the same place as SES-8, and was the largest satellite built for SES. The Block 4 first stage was expended, while the second stage was a Block 5 version, delivering more power towards a higher supersynchronous transfer orbit with 58,000†km (36,000†mi) apogee."
29-06-2018,09:42:00,F9 B4  B1045.2,C111.2,CCAFS SLC-40,SpaceX CRS-15,"2,697",5947,Space Station Supplies,NASA,LEO (ISS),NASA (CRS),Government,United States of America,Success,No attempt,No Ship Used,No Ship Used,"Payload included MISSE-FF 2, ECOSTRESS, a Latching End Effector, and Birds-2 payloads. The refurbished booster featured a record 2.5 months period turnaround from its original launch of TESS, a record held until February 2020 with the Starlink L4 mission. The fastest previous was 4.5 months. This was the last flight of a Block 4 booster, which was expended into the Atlantic Ocean without landing legs and grid fins."
22-07-2018,05:50:00,F9 B5  B1047.1,Dragon Not Used,CCAFS SLC-40,Telstar 19V,7075,15600,Communication Satellite,SSL,GTO,Telstar,Business,Canada,Success,Success (drone ship),Of Course I Still Love You,Marmac 304,"SSL-manufactured communications satellite intended to be placed at 63.0∞ west over the Americas, replacing Telstar 14R. At 7,075†kg (15,598†lb), it became the heaviest commercial communications satellite so far launched. This necessitated that the satellite be launched into a lower-energy orbit than a usual GTO, with its initial apogee at roughly 17,900†km (11,100†mi)."
25-07-2018,11:39:00,F9 B5  B1048.1,Dragon Not Used,VAFB SLC-4E,Iridium NEXT-7,9600,21168,Communication Satellite,Oribital ATK,Polar LEO,Iridium Communications,Business,United States of America,Success,Success (drone ship),Just Read The Instructions,Marmac 303,"Seventh Iridium NEXT launch, with 10 communication satellites. The booster landed safely on the drone ship in the worst weather conditions for any landing yet attempted. Mr. Steven boat with an upgraded 4x size net was used to attempt fairing recovery but failed due to harsh weather."
07-08-2018,05:18:00,F9 B5  B1046.2,Dragon Not Used,CCAFS SLC-40,Merah Putih,5800,12789,Communication Satellite,SSL,GTO,Telkom Indonesia,Business,Indonesia,Success,Success (drone ship),Of Course I Still Love You,Marmac 304,Indonesian comsat intended to replace the aging Telkom 1 at 108.0∞ East. First reflight of a Block 5-version booster.
10-09-2018,04:45:01,F9 B5  B1049.1,Dragon Not Used,CCAFS SLC-40,Telstar 18V,7060,15567,Communication Satellite,SSL,GTO,Telesat,Business,Canada,Success,Success (drone ship),Of Course I Still Love You,Marmac 304,"Condosat for 138.0∞ East over Asia and Pacific. Delivered to a GTO orbit with apogee close to 18,000†km (11,000†mi)."
08-10-2018,02:22:00,F9 B5  B1048.2,Dragon Not Used,VAFB SLC-4E,SAOCOM 1A,3000,6615,Observation Satellite,INVAP,SSO,CONAE,Government,Argentina,Success,Success (ground pad),No Ship Used,No Ship Used,Argentinian Earth-observation satellite was originally intended to be launched in 2012. First landing on the West Coast ground pad.
15-11-2018,20:46:00,F9 B5  B1047.2,Dragon Not Used,KSC LC-39A,Es'hail 2,5300,11687,Communication Satellite,Mitsubishi Electric,GTO,Es'hailSat,Business,Qatar,Success,Success (drone ship),Just Read The Instructions,Marmac 303,"Qatari comsat positioned at 26.0∞†east. This launch used redesigned COPVs. This was to meet NASA safety requirements for commercial crew missions, in response to the September 2016 pad explosion."
03-12-2018,18:34:05,F9 B5  B1046.3,Dragon Not Used,VAFB SLC-4E,SSO-A,4000,8820,Rideshare,Various,SS0,Spaceflight Industries,Rideshare,United States of America,Success,Success (drone ship),Just Read The Instructions,Marmac 303,"Rideshare mission where two SHERPA dispensers deployed 64 small satellites, including Eu:CROPIS for the German DLR, HIBER-2 for the Dutch Hiber Global, ITASAT-1 for the Brazilian Instituto Tecnol√≥gico de Aeron√°utica, two high-resolution SkySat imaging satellites for Planet Labs, and two high school CubeSats part of NASA's ELaNa 24. This was the first time a booster was used for a third flight."
05-12-2018,18:16:00,F9 B5  B1050,C112.2,CCAFS SLC-40,SpaceX CRS-16,2500,5513,Space Station Supplies,NASA,LEO (ISS),NASA (CRS),Government,United States of America,Success,Failure (ground pad),No Ship Used,No Ship Used,"First CRS mission with the Falcon 9 Block 5. This carried the Global Ecosystem Dynamics Investigation lidar (GEDI) as an external payload. The mission was delayed by one day due to moldy rodent food for one of the experiments on the Space Station. A previously flown Dragon spacecraft was used for the mission. The booster, in use for the first time, experienced a grid fin hydraulic pump stall on reentry, which caused it to spin out of control and touchdown at sea, heavily damaging the interstage section; this was the first failed landing targeted for a ground pad."
23-12-2018,13:51:00,F9 B5  B1054,Dragon Not Used,CCAFS SLC-40,GPS III-01,4400,9702,Observation Satellite,Lockheed Martin,MEO,USAF,Government,United States of America,Success,No attempt,No Ship Used,No Ship Used,"Initially planned for a Delta IV launch, this was SpaceX's first launch of an EELV-class payload. There was no attempt to recover the first-stage booster for reuse due to the customer's requirements, including a high inclination orbit of 55.0∞. Nicknamed Vespucci, the USAF marked the satellite operational on 1 January 2020 under the label SVN 74."
11-01-2019,15:31:00,F9 B5  B1049.2,Dragon Not Used,CCAFS SLC-40,Iridium NEXT-8,9600,21168,Communication Satellite,Oribital ATK,Polar LEO,Iridium Communications,Business,United States of America,Success,Success (drone ship),Just Read The Instructions,Marmac 303,"Final launch of the Iridium NEXT contract, launching 10 satellites."
22-02-2019,01:45:00,F9 B5  B1048.3,Dragon Not Used,CCAFS SLC-40,Nusantara Satu,4850,10694,Communication Satellite,SSL,GTO,PSN,Business,Indonesia,Success,Success (drone ship),Of Course I Still Love You,Marmac 304,"Nusantara Satu is a private Indonesian comsat planned to be located at 146.0∞†east, with a launch mass of 4,100†kg (9,000†lb), and featuring electric propulsion for orbit-raising and station-keeping. S5, a 60-kg smallsat by the Air Force Research Laboratory (AFRL), was piggybacked on Nusantara Satu, and was deployed near its GEO position to perform a classified space situational awareness mission. This launch opportunity was brokered by Spaceflight Industries as ""GTO-1"". The Beresheet Moon lander (initially called Sparrow) was one of the candidates for the Google Lunar X-Prize, whose developers SpaceIL had secured a launch contract with Spaceflight Industries in October 2015. Its launch mass was 585†kg (1,290†lb) including fuel. After separating into a supersynchronous transfer orbit with an apogee of 69,400†km (43,100†mi), Beresheet raised its orbit by its own power over two months and flew to the Moon. After successfully getting into lunar orbit, Beresheet attempted to land on the Moon on 11 April 2019 but failed."
02-03-2019,07:49:00,F9 B5  B1051.1,C201,KSC LC-39A,Crew Dragon Demo-1,12055,26581,Demonstration,SpaceX,LEO (ISS),NASA (CCD),Government,United States of America,Success,Success (drone ship),Of Course I Still Love You,Marmac 304,First flight of the SpaceX Crew Dragon. This was the first demonstration flight for the NASA Commercial Crew Program which awarded SpaceX a contract in September 2014 with flights hoped as early as 2015. The Dragon performed an autonomous docking to the ISS 27 hours after launch with the hatch being opened roughly 2 hours later. The vehicle spent nearly a week docked to the ISS to test critical functions. It undocked roughly a week later on 8 March 2019 and splashed down six hours later at 13:45. The Dragon used on this flight was scheduled to fly on the inflight abort test in mid-2019 but was destroyed during testing. The booster B1051.1 replaced B1050 and flew again on 12 June 2019.
11-04-2019,22:35:00,"B1052.1 (side), Heavy core B1055, B1053.1 (side)",,KSC LC-39A,Arabsat-6A,6465,14255,Communication Satellite,Lockheed Martin,GTO,Arabsat,Business,Saudi Arabia,Success,"Success (drone ship), Success (ground pad), Success (ground pad",Of Course I Still Love You,Marmac 304,"Second flight of Falcon Heavy, the first commercial flight, and the first one using Block 5 boosters. SpaceX successfully landed the side boosters at Landing Zone 1 and LZ 2 and reused the side boosters later for the STP-2 mission. The central core landed on drone ship Of Course I Still Love You, located 967†km (601†mi) downrange, the furthest successful sea landing so far. Despite the successful landing, due to rough seas and the fact that the Octagrabber had not been configured to grab the central core of a Falcon Heavy, the central core was unable to be secured to the deck for recovery and later tipped overboard in transit. SpaceX has since developed new attachment fixtures for the Octagrabber so this problem won't happen again. SpaceX recovered the fairing from this launch and later reused it in the November 2019 Starlink launch. Arabsat-6A, a 6,465†kg (14,253†lb) Saudi satellite, is the most advanced commercial communications satellite so far built by Lockheed Martin. The Falcon Heavy delivered the Arabsat-6A into a supersynchronous transfer orbit with 90,000†km (56,000†mi) apogee with an inclination of 23.0∞ to the equator."
04-05-2019,06:48:00,F9 B5  B1056.1,C113.2,CCAFS SLC-40,SpaceX CRS-17,2495,5501,Space Station Supplies,NASA,,NASA (CRS),Government,United States of America,Success,Success (drop ship),Of Course I Still Love You,Marmac 304,"A Commercial Resupply Service mission to the International Space Station carrying nearly 2.5 tons of cargo including the Orbiting Carbon Observatory-3 as an external payload. Originally planned to land at Landing Zone 1, the landing was moved to the drone ship after a Dragon 2 had an anomaly during testing at LZ-1."
24-05-2019,02:30:00,F9 B5  B1049.3,Dragon Not Used,CCAFS SLC-40,Starlink v0.9,13620,30032,Starlink,SpaceX,LEO,SpaceX,Business,United States of America,Success,Success (drop ship),Of Course I Still Love You,Marmac 304,"Following the launch of the two Tintin test satellites, this was the first full-scale test launch of the Starlink constellation, launching ""production design"" satellites. Each Starlink satellite has a mass of 227†kg (500†lb), and the combined launch mass was 13,620†kg (30,030†lb) the heaviest payload launched by SpaceX at that time. The fairings were recovered and reused for Starlink L5 in March 2020. These are the first commercial satellites to use krypton as fuel for their ion thrusters, which is cheaper than the usual xenon fuel."
12-06-2019,14:17:00,F9 B5  B1051.2,Dragon Not Used,VAFB SLC-4E,RADARSAT Constellation,4200,9261,Observation Satellite,MDA,SSO,Canadian Space Agency,Government,Canada,Success,Success (drop ship),Of Course I Still Love You,Marmac 304,"A trio of satellites built for Canada's RADARSAT program were launched that plan to replace the aging Radarsat-1 and Radarsat-2. The new satellites contain Automated Identification System (AIS) for locating ships and provide the world's most advanced, comprehensive method of maintaining Arctic sovereignty, conducting coastal surveillance, and ensuring maritime security. The mission was originally scheduled to lift off in February but due to the landing failure of booster B1050, this flight was switched to B1051 (used on Crew Dragon Demo-1) and delayed to allow refurbishment and transport to the West coast. The booster landed safely through fog. A payload cost of roughly US$1 billion made this SpaceX's second most expensive payload launched and most valuable commercial payload so far put into orbit."
25-06-2019,06:30:00,"B1052.2 (side), Heavy core B1052.2, B1053.2 (side)",Dragon Not Used,KSC LC-39A,Space Test Program†Flight 2,3700,8159,Rideshare,Various,LEO/MEO,USAF,Government,United States of America,Success,"Failure (drone ship), Success (ground pad), Success (ground pad)",Of Course I Still Love You,Marmac 304,"USAF Space Test Program Flight 2 (STP-2) carried 24 small satellites, including: FormoSat-7 A/B/C/D/E/F integrated using EELV Secondary Payload Adapter, DSX, Prox-1 GPIM, DSAC, ISAT, SET, COSMIC-2, Oculus-ASR, OBT, NPSat, and several CubeSats including E-TBEx, LightSail 2, TEPCE, PSAT, and three ELaNa 15 CubeSats. Total payload mass was 3,700†kg (8,200†lb). The mission lasted six hours during which the second stage ignited four times and went into different orbits to deploy satellites including a ""propulsive passivation maneuver"". Third flight of Falcon Heavy. The side boosters from the Arabsat-6A mission just 2.5 months before were reused on this flight and successfully returned to LZ-1 and LZ-2. The center core, in use for the first time, underwent the most energetic reentry attempted by SpaceX, and attempted a landing over 1,200†km (750†mi) downrange, 30% further than any previous landing. This core suffered a thrust vector control failure in the center engine caused by a breach in the engine bay due to the extreme heat. The core thus failed its landing attempt on the drone ship Of Course I Still Love You due to lack of control when the outer engines shut down. For the first time, one fairing half was successfully landed on the catch-net of the support ship GO Ms. Tree (formerly Mr. Steven)."
25-07-2019,22:01:00,F9 B5  B1056.2,C108.3,CCAFS SLC-40,SpaceX CRS-18,2268,5001,Space Station Supplies,NASA,LEO (ISS),NASA (CRS),Government,United States of America,Success,Success (ground pad),No Ship Used,No Ship Used,"This launch carried nearly 9,000 individual unique payloads including over one ton of science experiments, the most so far launched on a SpaceX Dragon. The third International Docking Adapter (IDA-3), a replacement for the first IDA lost during the CRS-7 launch anomaly, was one of the external payloads on this mission. Along with food and science, the Dragon also carried the ELaNa 27 RFTSat CubeSat and MakerSat-1 which will be used to demonstrate microgravity additive manufacturing. The satellite is expected to be launched by a Cygnus dispenser later in July 2019. The booster used on this flight was the same used on CRS-17 earlier in the year; originally, it was planned to reuse it again for the CRS-19 mission later this year, but the plan was scrapped. For the first time, the twice flown Dragon spacecraft also made a third flight. Also used for the first time was a gray-band painted where the RP-1 kerosene tank is located, to help with thermal conductivity and thus saving fuel during long coasts."
06-08-2019,23:23:00,F9 B5  B1047.3,Dragon Not Used,CCAFS SLC-40,AMOS-17,6500,14333,Communication Satellite,Boeing,GTO,Spacecom,Business,Israel,Success,No attempt,No Ship Used,No Ship Used,"AMOS-17 is the most advanced high-throughput satellite to provide satellite communication services to Africa. Following the loss of AMOS-6 in September 2016, Spacecom was granted a free launch in compensation for the lost satellite. Due to the free launch, Spacecom was able to expend the booster with no extra cost that comes with expending a booster, and thus could reach final orbit quicker. This booster became the second Block 5 booster to be expended. For the second time, Ms. Tree managed to catch a fairing half directly into its net."
11-01-2019,14:56:00,F9 B5  B1048.4,Dragon Not Used,CCAFS SLC-40,Starlink 1 v1.0,15600,34398,Starlink,SpaceX,LEO,SpaceX,Business,United States of America,Success,Success (drone ship),Of Course I Still Love You,Marmac 304,"Second large batch of Starlink satellites and the first operational mission of the constellation, it launched in a roughly 290†km (180†mi) orbit at an inclination of 53.0∞. At 15,600†kg (34,400†lb), it is the heaviest payload so far launched by SpaceX, breaking the record set by the Starlink v0.9 flight earlier that year. This flight marked the first time that a Falcon 9 booster made a fourth flight and landing. This was also the first time that a Falcon 9 re-used fairings (from ArabSat-6A in April 2019). It was planned to recover the fairings with both Ms. Tree and Ms. Chief but the plan was abandoned due to rough seas."
05-12-2019,17:29:00,F9 B5  B1059.1,C106.3,CCAFS SLC-40,SpaceX CRS-19,2617,5770,Space Station Supplies,NASA,LEO (ISS),NASA (CRS),Government,United States of America,Success,Success (drone ship),Of Course I Still Love You,Marmac 304,"Second re-supply flight to use a Cargo Dragon for the third time. This flight carried Robotic Tool Stowage (RiTS), a docking station that allows equipment that looks for leaks on the Space Station be stored on the outside. Also on board were upgrades for the Cold Atom Laboratory (CAL). Onboard experiments include the testing of the spread of fire in space, mating barley in microgravity and experiments to test muscle and bone growth in microgravity. Secondary payloads include the Hyperspectral Imager Suite (HISUI), an experiment to image high resolution across all colours of the light spectrum, allowing for imaging of soil, rocks, vegetation, snow, ice and man-made objects. Additionally, there were three CubeSats from NASA's ELaNa 28 mission, including the AztechSat-1 satellite built by students in Mexico."
17-12-2019,00:10:00,F9 B5  B1056.3,Dragon Not Used,CCAFS SLC-40,JCSAT-18†/†Kacific 1,6956,15338,Communication Satellite,Boeing,GTO,SKY Perfect JSAT Group,Business,Japan,Success,Success (drone ship),Of Course I Still Love You,Marmac 304,"Singaporean-Japanese CondoSat that will cover the Asia-Pacific region. Due to the heavy weight of the payload, it was injected into a lower energy sub-synchronous orbit of 20,000†km (12,000†mi); the satellite itself will transfer to full GTO. This was the third Falcon 9 launch for JSAT and the previous two were in 2016. SpaceX successfully landed B1056.3 but both fairing halves missed the recovery boats Ms. Tree and Ms. Chief."
07-01-2020,02:19:21,F9 B5  B1049.4,Dragon Not Used,CCAFS SLC-40,Starlink 2 v1.0,15600,34398,Starlink,SpaceX,LEO,SpaceX,Business,United States of America,Success,Success (drone ship),Of Course I Still Love You,Marmac 304,"Third large batch and second operational flight of Starlink constellation. One of the 60 satellites included a test coating to make the satellite less reflective, and thus less likely to interfere with ground-based astronomical observations."
19-01-2020,15:30:00,F9 B5  B1046.4,C205.1,KSC LC-39A,Crew Dragon in-flight abort test,12050,26570,Demonstration,SpaceX,Sub-orbital,NASA (CTS),Government,United States of America,Success,No attempt,No Ship Used,No Ship Used,"An atmospheric test of the Dragon 2 abort system after Max Q. The capsule fired its SuperDraco engines, reached an apogee of 40†km (25†mi), deployed parachutes after reentry, and splashed down in the ocean 31†km (19†mi) downrange from the launch site. The test was previously slated to be accomplished with the Crew Dragon Demo-1 capsule; but that test article exploded during a ground test of SuperDraco engines on 20 April 2019. The abort test used the capsule originally intended for the first crewed flight. As expected, the booster was destroyed by aerodynamic forces after the capsule aborted. First flight of a Falcon 9 with only one functional stage Äî the second stage had a mass simulator in place of its engine."
29-01-2020,14:07:00,F9 B5  B1551.3,Dragon Not Used,CCAFS SLC-40,Starlink 3 v1.0,15600,34398,Starlink,SpaceX,LEO,SpaceX,Business,United States of America,Success,Success (drone ship),Of Course I Still Love You,Marmac 304,"Third operational and fourth large batch of Starlink satellites, deployed in a circular 290†km (180†mi) orbit. One of the fairing halves was caught, while the other was fished out of the ocean."
17-02-2020,15:05:00,F9 B5  B1556.4,Dragon Not Used,CCAFS SLC-40,Starlink 4 v1.0,15600,34398,Starlink,SpaceX,LEO,SpaceX,Business,United States of America,Success,Failure (drone ship),Of Course I Still Love You,Marmac 304,Fourth operational and fifth large batch of Starlink satellites. Used a new flight profile which deployed into a 212†km √ó†386†km (132†mi √ó†240†mi) elliptical orbit instead of launching into a circular orbit and firing the second stage engine twice. The first stage booster failed to land on the drone ship due to incorrect wind data. This was the first time a flight proven booster failed to land.
07-03-2020,04:50:00,F9 B5  B1559.2,C112.3,CCAFS SLC-40,SpaceX CRS-20,1977,4359,Space Station Supplies,NASA,LEO (ISS),NASA (CRS),Government,United States of America,Success,Success (ground pad),No Ship Used,No Ship Used,"Last launch of phase 1 of the CRS contract. Carries Bartolomeo, an ESA platform for hosting external payloads onto ISS. Originally scheduled to launch on 2 March 2020, the launch date was pushed back due to a second stage engine failure. SpaceX decided to swap out the second stage instead of replacing the faulty part. It was SpaceX's 50th successful landing of a first stage booster, the third flight of the Dragon C112 and the last launch of the cargo Dragon spacecraft."
18-03-2020,12:16:00,F9 B5  B1048.5,Dragon Not Used,KSC LC-39A,Starlink 5 v1.0,15600,34398,Starlink,SpaceX,LEO,SpaceX,Business,United States of America,Success,Failure (drone ship),Of Course I Still Love You,Marmac 304,"Fifth operational launch of Starlink satellites. It was the first time a first stage booster flew for a fifth time and the second time the fairings were reused (Starlink flight in May 2019). Towards the end of the first stage burn, the booster suffered premature shut down of an engine, the first of a Merlin 1D variant and first since the CRS-1 mission in October 2012. However, the payload still reached the targeted orbit. This was the second Starlink launch booster landing failure in a row, later revealed to be caused by residual cleaning fluid trapped inside a sensor."
22-04-2020,19:30:00,F9 B5  B1051.4,Dragon Not Used,KSC LC-39A,Starlink 6 v1.0,15600,34398,Starlink,SpaceX,LEO,SpaceX,Business,United States of America,Success,Success (drone ship),Of Course I Still Love You,Marmac 304,"Sixth operational launch of Starlink satellites. The 84th flight of the Falcon 9 rocket, it surpassed Atlas V to become the most-flown operational US rocket. Used fairings launched on AMOS-17 (August 2019)."
30-05-2020,19:22:00,F9 B5  B1058.1,C206.1,KSC LC-39A,Crew Dragon Demo-2,12530,27629,Human Spaceflight,NASA,LEO (ISS),NASA (CRS),Government,United States of America,Success,Success (drone ship),Of Course I Still Love You,Marmac 304,"First crewed orbital spaceflight from American soil since Space Shuttle STS-135 in July 2011, carrying NASA astronauts Bob Behnken and Doug Hurley to the International Space Station. The SpaceX live stream was peaked at 4.1 million viewers, while NASA estimated roughly 10 million people watched on various online platforms, and approximately 150,000 people gathered on Florida's space coast despite the risks of the COVID-19 pandemic."
04-06-2020,01:25:00,F9 B5  B1049.5,Dragon Not Used,CCAFS SLC-40,Starlink 7 v1.0,15600,34398,Starlink,SpaceX,LEO,SpaceX,Business,United States of America,Success,Success (drone ship),Just Read The Instructions,Marmac 303,"Seventh operational launch of Starlink satellites, occurred on the 10th anniversary of the first Falcon 9 flight. Included ""VisorSat"" satellite test that uses a sunshade to limit reflectivity. First booster to successfully land five times, and first to land on Just Read The Instructions since it was moved to the East Coast."
13-06-2020,09:21:00,F9 B5  B1059.3,Dragon Not Used,CCAFS SLC-40,Starlink 8 v1.0,15410,33979,Starlink,SpaceX,LEO,SpaceX,Business,United States of America,Success,Success (drone ship),Of Course I Still Love You,Marmac 304,"Eighth operational launch of Starlink satellites, included the first rideshare in SpaceX's SmallSat Program, of three SkySat satellites. One payload fairing half launched on JCSat-18 / Kacific 1 mission in December 2019. The other payload fairing half flew on Starlink 2 v1.0 in January 2020. For the first time, SpaceX did not perform a static fire before launch."
30-06-2020,20:10:46,F9 B5  B1060.1,Dragon Not Used,CCAFS SLC-40,GPS III-03,4311,9506,Observation Satellite,Lockheed Martin,MEO,USSF,Government,United States of America,Success,Success (drone ship),Just Read The Instructions,Marmac 303,"Payload manufacturing contract awarded January 2012, fully assembled in August 2017, and completed thermal vacuum testing in June 2018. Launch contract was awarded initially for US$96.5 million, but later, this was discounted in exchange for allowing to launch configuration enabling booster recovery. The vehicle nicknamed Columbus was transported to Florida in February 2020, but launch was delayed by the customer from April 2020 due to the COVID-19 pandemic. The launch was dedicated to the memory of the recently deceased, late commander of the 21st Space Wing, Colonel Thomas G. Falzarano, and after launch, in October 2020, the nickname was changed to that of the Arctic explorer Matthew Henson. The second stage featured a gray band to allow more heat to be absorbed during the longer coasting period, while both fairings were recovered out of the water without attempting a catch in the net."
20-07-2020,21:30:00,F9 B5  B1058.2,Dragon Not Used,CCAFS SLC-40,ANASIS-II,5500,12128,Communication Satellite,Airbus,GTO,Republic of Korea Army,Government,South Korea,Success,Success (drone ship),Just Read The Instructions,Marmac 303,"At 5-6 tonnes, the satellite formerly known as K-Milsat-1 is South Korea's first dedicated military satellite. Contracted by South Korea's Defense Acquisition Program Administration in 2014. 57th successful recovery of a Falcon 9 first stage. For the first time both fairing halves were also successfully caught by fairing catching ships. This launch featured a booster reflight within 51 days, a new record turnaround time for a Falcon booster. It was the same booster that launched the Crew Dragon Demo-2 spacecraft on 30 May 2020. The satellite was delivered to a super-synchronous transfer orbit of 211†km √ó†45,454†km (131†mi √ó†28,244†mi), while both fairing halves were caught in the catch nets of the supports ships."
07-08-2020,05:12:00,F9 B5  B1051.5,Dragon Not Used,KSC LC-39A,Starlink 9 v1.0,14932,32925,Starlink,SpaceX,LEO,SpaceX,Business,United States of America,Success,Success (drone ship),Of Course I Still Love You,Marmac 304,"Ninth operational launch of Starlink satellites. This mission carried 57 Starlink satellites and two BlackSky satellites as rideshare. This first rideshare contracted with Spaceflight Industries was dubbed internally as ""SXRS-1"". After previously testing on a single Starlink, the launch will have all 57 satellites include a ""VisorSat"" to reduce their brightness."
18-08-2020,14:31:00,F9 B5  B1049.6,Dragon Not Used,CCAFS SLC-40,Starlink 10 v1.0,15440,34045,Starlink,SpaceX,LEO,SpaceX,Business,United States of America,Success,Success (drone ship),Of Course I Still Love You,Marmac 304,"Tenth operational launch of Starlink satellites. Starlink flight including three SkySat rideshare satellites. First time a booster made a 6th flight. The fairings previously flew on Starlink 3 v1.0. One fairing half was caught by Go Ms. Tree, the other was scooped out of the ocean."
30-08-2020,23:18:00,F9 B5  B1059.4,Dragon Not Used,CCAFS SLC-40,SAOCOM 1B,3130,6902,Observation Satellite,INVAP,SSO,CONAE,Government,Argentina,Success,Success (drone ship),Of Course I Still Love You,Marmac 304,"The 100th launch in SpaceX's history, first time a commercial launch on a fourth launch of a booster, it deployed Earth-observing satellites built by Argentina's space agency CONAE and two rideshares. SpaceX was contracted in 2009 for an initial launch as early as 2013. Originally planned for launch from Vandenberg but launched from Cape Canaveral, which made it the first flight from there using the southern corridor to a polar orbit since 1969."
03-09-2020,12:46:14,F9 B5  B1060.2,Dragon Not Used,KSC LC-39A,Starlink 11 v1.0,15600,34398,Starlink,SpaceX,LEO,SpaceX,Business,United States of America,Success,Success (drone ship),Of Course I Still Love You,Marmac 304,"Eleventh operational launch of Starlink satellites, bringing the total to 713 launched Starlink satellites."
06-10-2020,11:29:34,F9 B5  B1058.3,Dragon Not Used,KSC LC-39A,Starlink 12 v1.0,15600,34398,Starlink,SpaceX,LEO,SpaceX,Business,United States of America,Success,Success (drone ship),Of Course I Still Love You,Marmac 304,"Twelfth operational launch of Starlink satellites, which for the first time used a fairing half on its third launch. Also, the B1058 holds the title for the shortest time a booster reached 3 flights which is 129 days beating B1046 by 77 days."
18-10-202,12:25:57,F9 B5  B1051.6,Dragon Not Used,KSC LC-39A,Starlink 13 v1.0,15600,34398,Starlink,SpaceX,LEO,SpaceX,Business,United States of America,Success,Success (drone ship),Of Course I Still Love You,Marmac 304,Thirteenth operational launch of Starlink satellites. Second time a booster was flown six times and first time both fairing halves were flown a third time. Both fairing halves landed on their respective ships but one fairing broke the net on Ms Tree.
24-10-2020,15:31:34,F9 B5  B1060.3,Dragon Not Used,CCAFS SLC-40,Starlink 14 v1.0,15600,34398,Starlink,SpaceX,LEO,SpaceX,Business,United States of America,Success,Success (drone ship),Just Read The Instructions,Marmac 303,Fourteenth operational launch of Starlink satellites and the 100th successful launch of a Falcon vehicle.
05-11-2020,23:24:23,F9 B5  B1062.1,Dragon Not Used,CCAFS SLC-40,GPS III-04,4311,9506,Observation Satellite,Lockheed Martin,MEO,USSF,Government,United States of America,Success,Success (drone ship),Of Course I Still Love You,Marmac 304,"Manufacturing contract awarded in January 2012, underwent thermal vacuum testing in December 2018, while the launch contract was awarded in March 2018. A launch attempt on 3 October 2020 was aborted two seconds before liftoff due to early start in two engines. Following the abort, two engines from B1062 were sent for further testing. The abort also caused delays to the Crew-1 launch to allow time for data review."
16-11-2020,00:27:00,F9 B5  B1061.1,C207.1,KSC LC-39A,Crew-1,12500,27563,Human Spaceflight,NASA,LEO (ISS),NASA (CCP),Government,United States of America,Success,Success (drone ship),Just Read The Instructions,Marmac 303,"First crew rotation of the commercial crew program, following the return in August of the crewed test flight mission Crew Demo 2. Originally designated ""USCV-1"" by NASA. Carried astronauts Victor Glover, Mike Hopkins, Shannon Walker and Soichi Noguchi, for a 6-month stay aboard the ISS, during which the Boeing Starliner OFT-2 flight is expected to dock also. The first flight of the crew program was initially expected to launch in 2017, and finished final certifications in November 2020."
21-11-2020,17:17:08,F9 B5  B1063.1,Dragon Not Used,VAFB SLC-4E,Sentinel-6 Michael Freilich (Jason-CS A),1192,2628,Observation Satellite,Airbus,LEO,NASA†/†NOAA†/†ESA†/†EUMETSAT,Government,Europe,Success,Success (ground pad),No Ship Used,No Ship Used,"Named after the former director of NASA's Earth science program, it is a radar altimeter satellite part of the Ocean Surface Topography constellation located at 1,336†km (830†mi) and 66∞ inclination, and a follow-up to Jason 3 as a partnership between the United States (NOAA and NASA), Europe (EUMETSAT, ESA, CNES)."
25-11-2020,02:13:00,F9 B5  B1049.7,Dragon Not Used,CCAFS SLC-40,Starlink 15 v1.0,15600,34398,Starlink,SpaceX,LEO,SpaceX,Business,United States of America,Success,Success (drone ship),Of Course I Still Love You,Marmac 304,First time a booster was launched for a seventh time and first time SpaceX completed four launches in a single month.
06-12-2020,16:17:08,F9 B5  B1058.4,C208.1,KSC LC-39A,SpaceX CRS-21,2972,6553,Space Station Supplies,NASA,LEO (ISS),NASA (CRS),Government,United States of America,Success,Success (drone ship),Of Course I Still Love You,Marmac 304,"First launch of phase 2 of the CRS contract of six launches awarded in January 2016. It was the first launch of the upgraded version Cargo Dragon 2 spacecraft, with increased payload capacity and autonomous docking to the ISS. Payloads included Will Nanoracks Bishop Airlock and CFIG-1 (Cool Flames Investigation with Gases). It's also the 100th successful Falcon 9 launch."
13-12-2020,17:30:00,F9 B5  B1051.7,Dragon Not Used,CCSFS SLC-40,SXM-7,7000,15435,Communication Satellite,SSL,GTO,Sirius XM,Business,United States of America,Success,Success (drone ship),Just Read The Instructions,Marmac 303,"Launched the largest, high-power broadcasting satellite for SiriusXM's digital audio radio service (DARS). SXM-7 was built by Maxar Technologies; intended to operate in the S-band spectrum, it will replace the SXM-3 satellite. The satellite will deliver the highest power density of any commercial satellite on-orbit, generate more than 20†kW of power, and have a large unfoldable antenna reflector, which enables broadcast to radios without the need for large dish-type antennas on the ground. Due to the heavy weight, the payload was injected into a sub-synchronous orbit of 224†km √ó†19,411†km (139†mi √ó†12,061†mi) and the satellite itself will transfer to full GTO. It was the first time a commercial primary payload flew on a booster which had been flown more than 4 times before. First dedicated customer launch where the fairings were previously used."
19-12-2020,14:00:00,F9 B5  B1059.5,Dragon Not Used,KSC LC-39A,NROL-108,Classified,Classified,Communication Satellite,Classified,LEO,NRO,Government,United States of America,Success,Success (ground pad),No Ship Used,No Ship Used,"The planned launch was not known by the public until FCC filings appeared in late September followed by confirmation from the NRO on 5 October 2020, likely a relatively light payload that allows the return of the booster to the launch site."
08-01-2021,02:15:00,F9 B5  B1060.4,Dragon Not Used,CCSFS SLC-40,T¸rksat 5A,3500,7718,Communication Satellite,Airbus,GTO,T¸rksat,Business,Turkey,Success,Success (drone ship),Just Read The Instructions,Marmac 303,"A 3,500†kg (7,700†lb) satellite intended to be stationed at 31.0∞ east. This is the most powerful satellite in T√ºrksat's fleet and will provide Ku-band television broadcast services over Turkey, the Middle East, Europe and Africa. The satellite was injected in to a Super-synchronous transfer orbit of 280†km √ó†55,000†km (170†mi √ó†34,180†mi) with 17.6∞ inclination."
20-01-2021,13:02:00,F9 B5  B1051.8,Dragon Not Used,KSC LC-39A,Starlink 16 v1.0,15600,34398,Starlink,SpaceX,LEO,SpaceX,Business,United States of America,Success,Success (drone ship),Just Read The Instructions,Marmac 303,The first booster to successfully launch and land eight times. Achieved a record turnaround time between two launches of the same booster of only 38 days and brought the total of launched Starlink satellites to over 1000. SpaceX stated that the landing would occur during higher winds than usual; this test to expand the landing envelope was successfully passed by the booster.
24-01-2021,15:00:00,F9 B5  B1058.5,Dragon Not Used,CCSFS SLC-40,Transporter-1,5000,11025,Rideshare,Various,SSO,Various,Business,Various,Success,Success (drone ship),Of Course I Still Love You,Marmac 304,"First dedicated smallsat rideshare launch, targeting a 525†km (326†mi) altitude orbit. The launch deployed a record 143 satellites, consisting of 120 CubeSats, 11 microsatellites, 10 Starlinks, and 2 transfer stages. In addition, 2 hosted payloads and 1 non-separating dummy satellite were launched. These include SpaceBEE (x 36), Lemur-2  (x 8), ICEYE (x 3), UVSQ-SAT, ELaNa 35 (PTD-1), and Kepler nanosats (x 8). D-Orbit ION Satellite Carrier and 10 Starlink satellites placed in a polar orbit and 2 of 15 payloads remained attached to SHERPA-FX1. Exolaunch deployed several small satellites and cubesats via their own deployment mechanisms. First flight of a Falcon 9 with a SHERPA-FX transfer stage called SHERPA-FX1."
04-02-2021,06:19:00,F9 B5  B1060.5,Dragon Not Used,CCSFS SLC-40,Strlink 18 v1.0,15600,34398,Starlink,SpaceX,LEO,SpaceX,Business,United States of America,Success,Success (drone ship),Of Course I Still Love You,Marmac 304,"This marked the fastest turnaround to date, at 27 days, and the first time a Falcon†9 flies twice within a month."
16-02-2021,03:59:37,F9 B5  B1059.6,Dragon Not Used,CCSFS SLC-40,Starlink 19 v1.0,15600,34398,Starlink,SpaceX,LEO,SpaceX,Business,United States of America,Success,Failure (drone ship),Of Course I Still Love You,Marmac 304,"A hole in a heat-shielding engine cover, which likely developed through fatigue, allowed recirculating hot exhaust gases to damage one of the Merlin†1D first-stage engines, causing it to shut down early during ascent. Engine-out capability of the Falcon†9 allowed the mission to continue and successfully deploy the 60 Starlink satellites to orbit. The issue caused the booster to fail its landing attempt and miss the droneship Of Course I Still Love You (OCISLY) after its entry burn, breaking the longest streak of 24 landing successes. During this mission, GO Ms. Tree and GO Ms. Chief were used for the last time to recover the fairings. After this mission, both ships were retired because SpaceX no longer plans to catch the fairings."
04-03-2021,08:24:00,F9 B5  B1049.8,Dragon Not Used,KSC LC-39A,Starlink 17 v1.0,15600,34398,Starlink,SpaceX,LEO,SpaceX,Business,United States of America,Success,Success (drone ship),Of Course I Still Love You,Marmac 304,"Launch had previously been postponed multiple times, causing the payload Starlink L17 to launch after the L18 and L19 missions. Featured for the first time, a fairing which was flying on its fourth flight. The second-stage deorbit burn failed, causing an uncontrolled reentry on 26 March 2021 over the west coast of the United States."
11-03-2021,08:13:29,F9 B5  B1058.6,Dragon Not Used,CCSFS SLC-40,Starlink 20 v1.0,15600,34398,Starlink,SpaceX,LEO,SpaceX,Business,United States of America,Success,Success (drone ship),Just Read The Instructions,Marmac 303,"Twentieth operational launch of Starlink satellites, bringing the total to 1,265 (including prototypes) launched Starlink satellites."
14-03-2021,10:01:00,F9 B5  B1051.9,Dragon Not Used,KSC LC-39A,Starlink 21 v1.0,15600,34398,Starlink,SpaceX,LEO,SpaceX,Business,United States of America,Success,Success (drone ship),Of Course I Still Love You,Marmac 304,"First time a first-stage booster flew and landed for the ninth time. This flight also marked the fastest turnaround time for a fairing half, at 49 days. Both fairing halves previously flew on the Transporter-1 mission."
24-03-2021,08:28:00,F9 B5  B1060.6,Dragon Not Used,CCSFS SLC-40,Starlink 22 v1.0,15600,34398,Starlink,SpaceX,LEO,SpaceX,Business,United States of America,Success,Success (drone ship),Of Course I Still Love You,Marmac 304,"Fairing ""wet recovery"" achieved by contracted recovery vessel Shelia Bordelon for the first time. Both fairing halves were retrieved from the water."
07-04-2021,16:34:00,F9 B5  B1058.7,Dragon Not Used,CCSFS SLC-40,Starlink 23 v1.0,15600,34398,Starlink,SpaceX,LEO,SpaceX,Business,United States of America,Success,Success (drone ship),Of Course I Still Love You,Marmac 304,"23rd operational launch of Starlink satellites, bringing the total to 1,385 launched Starlink satellites (including prototype). This launch featured the second fastest booster turnaround time at 27 days and 8 hours (after Starlink 18 with B1060.5, which was 4 hours faster)."
23-04-2021,09:49:00,F9 B5  B1061.2,C206.2,KSC LC-39A,Crew-2,13000,28665,Human Spaceflight,NASA,LEO (ISS),NASA (CCP),Government,United States of America,Success,Success (drone ship),Of Course I Still Love You,Marmac 304,"Second operational flight of Crew Dragon for Commercial Crew Program. Transported NASA astronauts Shane Kimbrough and Megan McArthur, JAXA Astronaut Akihiko Hoshide and ESA astronaut Thomas Pesquet to the ISS. The four astronauts will spend 6 months aboard the ISS. Beginning with the Crew-2 mission, NASA has modified the contract to allow NASA astronauts to use flight-proven Dragon capsules and booster. Thus SpaceX reflew the Dragon used on Demo-2 and used Booster B1061-2 which had been used to launch Crew-1 in November 2020."
29-04-2021,03:44:00,F9 B5  B1060.7,Dragon Not Used,CCSFS SLC-40,Starlink 24 v1.0,15600,34398,Starlink,SpaceX,LEO,SpaceX,Business,United States of America,Success,Success (drone ship),Just Read The Instructions,Marmac 303,"24th operational launch of Starlink satellites, bringing the total to 1,434 Starlink satellites still in orbit. This launch also paid tribute to Apollo 11 crew Michael Collins, who passed away hours before the launch."
04-05-2021,19:01:00,F9 B5  B1049.9,Dragon Not Used,KSC LC-39A,Starlink 25 v1.0,15600,34398,Starlink,SpaceX,LEO,SpaceX,Business,United States of America,Success,Success (drone ship),Of Course I Still Love You,Marmac 304,"25th operational launch of Starlink satellites, bringing the total to 1,494 Starlink satellites still in orbit, second time a booster flew for the ninth time."
09-05-2021,06:42:00,F9 B5  B1051.10,Dragon Not Used,CCSFS SLC-40,Starlink 27 v1.0,15600,34398,Starlink,SpaceX,LEO,SpaceX,Business,United States of America,Success,Success (drone ship),Just Read The Instructions,Marmac 303,"Booster flew and landed for a record 10th time, with reused fairings, bringing the total number of operational Starlink satellites in the first shell to approximately 1516 out of a planned 1584."
15-05-2021,22:56:00,F9 B5  B1058.8,Dragon Not Used,KSC LC-39A,Starlink 26 v1.0,15600,34398,Starlink,SpaceX,LEO,SpaceX,Business,United States of America,Success,Success (drone ship),Of Course I Still Love You,Marmac 304,"Rideshare launch with a targeted orbit at 569x582, significantly higher than typical Starlink launches, to allow for needs of the rideshare payloads. Fairing ""wet recovery"" done by contracted recovery vessel Shelia Bordelon for the last time."
26-05-2021,18:59:00,F9 B5  B1063.2,Dragon Not Used,CCSFS SLC-40,Starlink 28 v1.0,15600,34398,Starlink,SpaceX,LEO,SpaceX,Business,United States of America,Success,Success (drone ship),Just Read The Instructions,Marmac 303,"Will likely complete the first shell of the Starlink network located at 550†km altitude and containing 1584 satellites. It was 40th launch a fairing was reused, with one half being used for the 5th time (first fairing to do so) and the other for a 3rd time. This launch marks SpaceX's 100th successful launch in a row without in-flight failure since December 2015."
03-06-2021,17:29:00,F9 B5  B1067.1,C209.1,KSC LC-39A,SpaceX-CRS-22,3328,7338,Space Station Supplies,NASA,LEO (ISS),NASA (CRS),Government,United States of America,Success,Success (drone ship),Of Course I Still Love You,Marmac 304,"Second of a minimum of six new cargo missions under the CRS-2 contract, which NASA awarded SpaceX in 2015. Mission was flown with an uncrewed Dragon 2 capsule, which carried solar panels, catalytic reactor for the stationÄôs life support system, an emergency air supply system, Kurs remote control unit, and a Potable Water Dispense (PWD) filter. Also carried were the RamSat cubesat as payload for ELaNa 36, the SOAR cubesat for the University of Manchester and the first Mauritian satellite MIR-SAT1 to be launched from the station later. This was the last mission the Of Course I Still Love You droneship supported on the east coast, since SpaceX plans to launch Starlink satellites from the West Coast starting in July, which will require a droneship landing. OCISLY will be replaced by the new A Shortfall Of Gravitas droneship later this summer."
06-06-2021,04:26:00,F9 B5  B1061.3,Dragon Not Used,CCSFS SLC-40,SXM-8,7000,15435,Communication Satellite,SSL,GTO,Sirius XM,Business,United States of America,Success,Success (drone ship),Just Read The Instructions,Marmac 303,"A large, high-power broadcasting satellite for SiriusXM's digital audio radio service (DARS) contracted together with SXM-7 to replace the aging XM-4 satellite and allow broadcast to radios without the need for large dish-type antennas on the ground."
17-06-2021,16:09:00,F9 B5  B1062.2,Dragon Not Used,CCSFS SLC-40,GPS III-05,4331,9550,Observation Satellite,Lockheed Martin,MEO,USSF,Government,United States of America,Success,Success (drone ship),Just Read The Instructions,Marmac 303,"Manufacturing contract awarded February 2013. In March 2018, the Air Force announced it had awarded the launch contract for three GPS satellites to SpaceX. This is the first reused booster launch for a 'national security' mission. Fairing ""wet recovery"" to be achieved by contracted recovery vessel Hos Briarwood for the first time. Both fairing halves were retrieved from water."
30-06-2021,19:31:00,F9 B5  B1060.8,Dragon Not Used,CCSFS SLC-40,Transporter-2,1100,2426,Rideshare,Various,SS0,Various,Rideshare,United States of America,Success,Success (ground pad),No Ship Used,No Ship Used,"A total of 88 payloads including Starlink satellites (3x), Polar Vigilance (4x), Exolaunch YAM-2 & 3, Satellogic, Capella-5 HawkEye Cluster 3 (multiple sats), Spaceflight Industries (multiple sats including on two space tugs Sherpa-FX2 Sherpa-LTE1)."
29-08-2021,07:14:00,F9 B5  B1061.4,C208.2,KSC LC-39A,SpaceX CRS-23,2200,4851,Space Station Supplies,NASA,LEO (ISS),NASA (CRS),Government,United States of America,Success,Success (drone ship),A Shortfall Of Gravitas,Marmac 302,"Third of six new cargo missions NASA awarded in 2015 to SpaceX under the CRS-2 contract to be flown after the initial 20 missions of phase 1 were completed in 2020. Includes FBCE, SoFIE. First time a booster landed on SpaceX's fourth droneship, A Shortfall Of Gravitas (ASOG), marking the first use when SpaceX has three droneships in operation."
14-09-2021,03:55:00,F9 B5  B1049.10,Dragon Not Used,VAFB SLC-4E,Starlink†Group 2-1 v1.5,13260,29238,Starlink,SpaceX,LEO,SpaceX,Business,United States of America,Success,Success (drone ship),Of Course I Still Love You,Marmac 304,"First launch of Starlink satellites from Vandenberg Space Force Base, and first West coast launch in 10 months. The 70-degree inclination launch is the first Starlink launch into a high-inclination, non-SSO orbit. The satellites were the upgraded 1.5 version that featured ""laser inter-satellite links, which are needed for high latitudes & mid ocean coverage"". It was the second booster to make a tenth flight and landing."
16-09-2021,00:02:56,F9 B5  B1062.3,C207.2,KSC LC-39A,Inspiration4,12519,27604,Human Spaceflight,SpaceX,LEO,Jared Isaacman,Business,United States of America,Success,Success (drone ship),Just Read The Instructions,Marmac 303,"SpaceX signed in February 2021, its first all-civilian flight for a crewed spacecraft with Jared Isaacman (Leadership), founder and CEO of Shift4 Payments, who commands and pilots the mission, and who donated the three other seats in the Crew Dragon vehicle's launch to LEO. The first of these three seats (Generosity) was won by Christopher Sembroski in a lottery, who donated to St. Jude Children's Research Hospital, the second seat (Hope) was awarded to Hayley Arceneaux, an ambassador associated with that hospital, and the third seat (Prosperity) was awarded to Sian Proctor, the winner of a contest between entrepreneurs who use Shift4Shop. The seats were awarded on 30 March 2021. The mission reached a circular orbit of about 585†km and lasted about three days. The docking adapter of Crew Dragon Resilience was replaced by a dome window."
11-11-2021,02:03:31,F9 B5 B1067.2,C210.1,KSC LC-39A,Crew-3,13000,28665,Human Spaceflight,NASA,LEO (ISS),NASA (CCP),Government,United States of America,Success,Success (drone ship),A Shortfall Of Gravitas,Marmac 302,"SpaceX's third operational Crew Dragon flight carried NASA astronauts Thomas Marshburn, Kayla Barron and Raja Chari as well as German ESA astronaut Matthias Maurer. It also carried up to 100†kg (220†lb) of cargo to the ISS."
13-11-2021,12:19:00,F9 B5 B1058.9,Dragon Not Used,CCSFS SLC-40,Starlink Group 4-1 v1.5,15600,34398,Starlink,SpaceX,LEO,SpaceX,Business,United States of America,Success,Success (drone ship),Just Read The Instructions,Marmac 303,"First east-coast Starlink launch after the v1.0 L28 launch which completed the first shell of the Starlink network located at 550 km altitude. Fairing ""wet recovery"" to be achieved by SpaceX multipurpose ship, Bob for the first time. Both fairing halves were retrieved from water."
24-11-2021,06:21:00,F9 B5 B1063.3,Dragon Not Used,CCSFS SLC-40,DART,610,1340,Defense ,Applied Physics Laboratory,Heliocentric,NASA,Government,United States of America,Success,Success (drone ship),Of Course I Still Love You,Marmac 304,Dart mission will measure the kinetic effects of crashing an impactor into the surface of the moon of 65803 Didymos asteroid. It will be the first mission to demonstrate asteroid redirect capability. The launch contract was awarded to SpaceX for $69 million.
